id;comments;image
1;Keyboard;Proactive overriding
2;Functionality;Human digital
3;technologies Balanced;leverage
4;orange connecting Auto;Directives quantify Refined
5;Books Granite;silver withdrawal indexing
6;monitor;重庆市
7;success Chair Producer;Refined
8;Mouse AI collaboration;Small Rustic withdrawal
9;strategize withdrawal;Sahara Avon portals
10;process Generic;sticky Berkshire
11;Security vortals 黑龙江省;vortals Gorgeous
12;Front-line;Chief deposit monetize
13;Shoes Analyst;CSS Engineer
14;Gorgeous Avon;optimal Savings Salad
15;Cambridgeshire 路 Granite;Norwegian fuchsia Soft
16;deposit;Computers synthesize Avon
17;街 Caribbean Coordinator;ADP
18;Implementation digital;Coordinator aggregate
19;澳门 dynamic;monetize Quality-focused Strategist
20;salmon 湖南省;山西省
21;Direct 旁 Practical;Computers high-level
22;up Function-based;Gorgeous frictionless Vision-oriented
23;桥 Uruguayo;invoice navigating Integration
24;gold green;Integration
25;旁 systemic Swiss;新疆 AGP enterprise
26;Cheese Avon Cambridgeshire;yellow copying Avon
27;SDD neural enable;Rustic deposit
28;Interface Philippines;alarm Salad Home
29;optimize;Buckinghamshire application
30;transmitting Small;sexy orchestration deposit
31;Engineer Applications;Enterprise-wide synthesizing
32;engineer niches;Towels Automotive
33;distributed 巷 Bedfordshire;路
34;generating Identity;Unbranded
35;wireless;Saint Producer backing
36;Music Handcrafted transmitter;transmit Customer-focused middleware
37;江苏省;Licensed XML Shoes
38;array;Andorra Books Intelligent
39;value-added Metal;purple 栋
40;Cambridgeshire Sleek Enhanced;online bypassing withdrawal
41;Dynamic lavender;Developer Granite
42;Rustic strategic portals;新疆 Refined Tools
43;Planner;calculate
44;Tactics invoice 侬;Intelligent Salad
45;Guinea;withdrawal 辽宁省 application
46;moratorium override;wireless overriding
47;invoice card;application magnetic port
48;COM ROI Synergized;河北省
49;IB;moderator Bedfordshire
50;Garden indigo Functionality;benchmark
51;Norway Chips;Customer
52;productize protocol index;tan
53;Rustic Personal France;deposit tangible protocol
54;Executive Gloves calculating;Lev generate Towels
55;applications 中心 Borders;Computer Senior Intranet
