id;name;age
1;user-centric Solutions mesh;81765
2;Buckinghamshire Buckinghamshire IB;86770
3;Cambridgeshire Brazil;7662
4;IB;47660
5;virtual;84948
6;program;57673
7;内蒙古 deposit;47699
8;optimize teal;42018
9;wireless;10720
10;Practical;53566
11;巷;35185
12;Fresh Computers 内蒙古;1352
13;Small;64111
14;database;52304
15;Handcrafted;7905
16;Assistant Papua Metal;98849
17;Outdoors heuristic Soft;35685
18;global Borders Engineer;61491
19;matrix Fish aggregate;70132
20;Directives Sports Buckinghamshire;3196
21;Berkshire reciprocal;79859
22;Brand;46124
23;cross-platform;5267
24;陕西省;86817
25;Unbranded JSON;61522
26;Universal;81847
27;Turkey mobile;93149
28;Liaison;48407
29;Riel Riel GB;76144
30;Checking Metal IB;96613
31;GB white;34545
32;Communications innovate auxiliary;12065
33;Computers;64641
34;Bedfordshire standardization Towels;93165
35;Chair;18063
36;1080p;44044
37;Metal;65010
38;Card vertical;31166
39;payment;56184
40;Proactive;85723
41;synthesize invoice 内蒙古;41388
42;Palau;33521
43;Cross-platform redundant;56947
44;Expanded Buckinghamshire bleeding-edge;26970
45;Fresh;811
46;revolutionary Table;15331
47;French application De-engineered;45691
48;Supervisor;65870
49;applications;19042
50;synergistic;31339
51;National Sports;47345
52;Self-enabling calculating;64321
53;digital;65706
54;巷;51972
55;neural Executive;67424
