id;dept_name;emp_no
1;Virtual;72699
2;Rupee AGP engage;35538
3;Incredible;26654
4;dynamic CFA blue;93206
5;web-readiness Iraq Cloned;97752
6;France Specialist Avon;60480
7;Dominica;31601
8;Slovakia;567
9;channels Granite Concrete;5803
10;Toys encompassing deposit;99928
11;Auto;56984
12;Cotton withdrawal capacity;57451
13;Cotton 1080p Steel;8833
14;Investor;10867
15;Loan Account mint;52444
16;Tasty;68705
17;copy payment;5863
18;Clothing USB RAM;80573
19;orchestrate Iceland;94102
20;black Account Fundamental;73936
21;Tugrik empower deposit;540
22;湖南省;38834
23;navigate;23938
24;Rial;18049
25;override;10775
26;port;39191
27;payment;92572
28;Fresh;36927
29;neural hack Cambridgeshire;6637
30;Panama Pants Georgia;90463
31;bluetooth haptic;47371
32;Congo Senior hacking;11651
33;Unbranded payment;69672
34;Tasty;52267
35;navigate Product online;41553
36;defect;24617
37;Expanded firmware payment;37759
38;wireless Customer-focused;19936
39;Account Concrete Games;74814
40;virtual sensor Health;43945
41;transition Loan;86733
42;SMTP;67045
43;compelling;42569
44;Fantastic;14408
45;Consultant;79485
46;Dalasi 广东省 Chair;95888
47;eyeballs;4765
48;Clothing deposit;65881
49;motivating Macedonia toolset;30845
50;hack;9156
51;Handcrafted Miquelon;48330
52;旁;56080
53;redundant;68708
54;compressing;32242
55;Infrastructure Concrete utilisation;32726
