id;name;name_integer;name_long;name_big_decimal;name_float;name_double;name_boolean;name_local_date;name_zoned_date_time;name_instant;name_blob;name_blob_content_type;name_any_blob;name_any_blob_content_type;name_image_blob;name_image_blob_content_type;name_text_blob
1;"Ebaldhxd";69;85;28;41;63;true;2011-11-10;2011-11-10T02:51:11;2011-11-10T10:39:18;../fake-data/blob/hipster.png;image/png;../fake-data/blob/hipster.png;image/png;../fake-data/blob/hipster.png;image/png;../fake-data/blob/hipster.txt
2;"Ltrxd";71;82;62;98;13;false;2011-11-10;2011-11-10T06:18:50;2011-11-10T06:19:04;../fake-data/blob/hipster.png;image/png;../fake-data/blob/hipster.png;image/png;../fake-data/blob/hipster.png;image/png;../fake-data/blob/hipster.txt
3;"Ztnood";92;98;67;75;95;false;2011-11-10;2011-11-10T02:18:09;2011-11-10T23:40:05;../fake-data/blob/hipster.png;image/png;../fake-data/blob/hipster.png;image/png;../fake-data/blob/hipster.png;image/png;../fake-data/blob/hipster.txt
4;"Vsmjszd";17;66;15;74;13;false;2011-11-10;2011-11-10T04:23:12;2011-11-10T02:45:52;../fake-data/blob/hipster.png;image/png;../fake-data/blob/hipster.png;image/png;../fake-data/blob/hipster.png;image/png;../fake-data/blob/hipster.txt
5;"Krnd";86;70;71;61;54;false;2011-11-10;2011-11-10T22:22:20;2011-11-10T04:51:26;../fake-data/blob/hipster.png;image/png;../fake-data/blob/hipster.png;image/png;../fake-data/blob/hipster.png;image/png;../fake-data/blob/hipster.txt
6;"Jlggd";42;79;95;93;58;false;2011-11-10;2011-11-10T22:29:49;2011-11-10T06:38:43;../fake-data/blob/hipster.png;image/png;../fake-data/blob/hipster.png;image/png;../fake-data/blob/hipster.png;image/png;../fake-data/blob/hipster.txt
7;"Rpd";35;38;81;37;34;false;2011-11-10;2011-11-10T00:59:52;2011-11-10T03:06:11;../fake-data/blob/hipster.png;image/png;../fake-data/blob/hipster.png;image/png;../fake-data/blob/hipster.png;image/png;../fake-data/blob/hipster.txt
8;"Riewvd";47;70;20;26;56;false;2011-11-10;2011-11-10T12:05:34;2011-11-10T04:28:43;../fake-data/blob/hipster.png;image/png;../fake-data/blob/hipster.png;image/png;../fake-data/blob/hipster.png;image/png;../fake-data/blob/hipster.txt
9;"Fethdxzd";95;39;26;49;59;true;2011-11-10;2011-11-10T04:33:27;2011-11-10T20:20:28;../fake-data/blob/hipster.png;image/png;../fake-data/blob/hipster.png;image/png;../fake-data/blob/hipster.png;image/png;../fake-data/blob/hipster.txt
10;"Tjlmrd";13;66;14;92;22;false;2011-11-10;2011-11-10T19:17:35;2011-11-10T00:28:39;../fake-data/blob/hipster.png;image/png;../fake-data/blob/hipster.png;image/png;../fake-data/blob/hipster.png;image/png;../fake-data/blob/hipster.txt
11;"Pqld";33;34;92;10;50;false;2011-11-10;2011-11-10T09:14:30;2011-11-10T10:30:38;../fake-data/blob/hipster.png;image/png;../fake-data/blob/hipster.png;image/png;../fake-data/blob/hipster.png;image/png;../fake-data/blob/hipster.txt
12;"Kriid";21;96;62;19;41;false;2011-11-10;2011-11-10T00:16:34;2011-11-10T03:07:20;../fake-data/blob/hipster.png;image/png;../fake-data/blob/hipster.png;image/png;../fake-data/blob/hipster.png;image/png;../fake-data/blob/hipster.txt
13;"Djd";51;14;38;77;11;true;2011-11-10;2011-11-10T13:46:16;2011-11-10T11:14:07;../fake-data/blob/hipster.png;image/png;../fake-data/blob/hipster.png;image/png;../fake-data/blob/hipster.png;image/png;../fake-data/blob/hipster.txt
14;"Zgd";58;68;90;79;39;false;2011-11-10;2011-11-10T12:15:40;2011-11-10T08:40:49;../fake-data/blob/hipster.png;image/png;../fake-data/blob/hipster.png;image/png;../fake-data/blob/hipster.png;image/png;../fake-data/blob/hipster.txt
15;"Xqqcdnwd";51;47;76;43;88;true;2011-11-10;2011-11-10T05:45:56;2011-11-10T03:47:21;../fake-data/blob/hipster.png;image/png;../fake-data/blob/hipster.png;image/png;../fake-data/blob/hipster.png;image/png;../fake-data/blob/hipster.txt
16;"Hahxrmd";31;69;28;16;33;true;2011-11-10;2011-11-10T09:58:55;2011-11-10T02:38:46;../fake-data/blob/hipster.png;image/png;../fake-data/blob/hipster.png;image/png;../fake-data/blob/hipster.png;image/png;../fake-data/blob/hipster.txt
17;"Mlqyzjjd";72;63;86;59;79;false;2011-11-10;2011-11-10T05:19:01;2011-11-10T12:25:43;../fake-data/blob/hipster.png;image/png;../fake-data/blob/hipster.png;image/png;../fake-data/blob/hipster.png;image/png;../fake-data/blob/hipster.txt
18;"Aqhnuqbd";31;34;41;32;68;false;2011-11-10;2011-11-10T03:06:06;2011-11-10T02:49:05;../fake-data/blob/hipster.png;image/png;../fake-data/blob/hipster.png;image/png;../fake-data/blob/hipster.png;image/png;../fake-data/blob/hipster.txt
19;"Kndjd";26;44;48;69;73;false;2011-11-10;2011-11-10T19:46:14;2011-11-10T01:40:21;../fake-data/blob/hipster.png;image/png;../fake-data/blob/hipster.png;image/png;../fake-data/blob/hipster.png;image/png;../fake-data/blob/hipster.txt
20;"Pjnjd";14;30;14;69;58;false;2011-11-10;2011-11-10T23:40:30;2011-11-10T03:34:13;../fake-data/blob/hipster.png;image/png;../fake-data/blob/hipster.png;image/png;../fake-data/blob/hipster.png;image/png;../fake-data/blob/hipster.txt
21;"Uwgvaord";58;80;13;89;96;false;2011-11-10;2011-11-10T12:51:39;2011-11-10T20:39:24;../fake-data/blob/hipster.png;image/png;../fake-data/blob/hipster.png;image/png;../fake-data/blob/hipster.png;image/png;../fake-data/blob/hipster.txt
22;"Dhvmd";19;89;76;91;77;false;2011-11-10;2011-11-10T19:18:24;2011-11-10T02:32:10;../fake-data/blob/hipster.png;image/png;../fake-data/blob/hipster.png;image/png;../fake-data/blob/hipster.png;image/png;../fake-data/blob/hipster.txt
23;"Ckd";41;100;78;82;80;false;2011-11-10;2011-11-10T10:09:36;2011-11-10T08:31:16;../fake-data/blob/hipster.png;image/png;../fake-data/blob/hipster.png;image/png;../fake-data/blob/hipster.png;image/png;../fake-data/blob/hipster.txt
24;"Offpdmod";90;26;17;59;39;false;2011-11-10;2011-11-10T12:38:40;2011-11-10T01:19:43;../fake-data/blob/hipster.png;image/png;../fake-data/blob/hipster.png;image/png;../fake-data/blob/hipster.png;image/png;../fake-data/blob/hipster.txt
25;"Awd";34;67;32;60;23;true;2011-11-10;2011-11-10T00:30:52;2011-11-10T07:45:13;../fake-data/blob/hipster.png;image/png;../fake-data/blob/hipster.png;image/png;../fake-data/blob/hipster.png;image/png;../fake-data/blob/hipster.txt
26;"Vinbbd";69;72;86;49;60;true;2011-11-10;2011-11-10T13:36:01;2011-11-10T20:29:16;../fake-data/blob/hipster.png;image/png;../fake-data/blob/hipster.png;image/png;../fake-data/blob/hipster.png;image/png;../fake-data/blob/hipster.txt
27;"Pnd";29;69;89;93;83;false;2011-11-10;2011-11-10T15:37:34;2011-11-10T20:39:58;../fake-data/blob/hipster.png;image/png;../fake-data/blob/hipster.png;image/png;../fake-data/blob/hipster.png;image/png;../fake-data/blob/hipster.txt
28;"Qrtlggjd";64;72;78;58;40;false;2011-11-10;2011-11-10T16:40:46;2011-11-10T23:04:56;../fake-data/blob/hipster.png;image/png;../fake-data/blob/hipster.png;image/png;../fake-data/blob/hipster.png;image/png;../fake-data/blob/hipster.txt
29;"Mwnpdd";66;96;40;17;53;true;2011-11-10;2011-11-10T15:12:09;2011-11-10T20:53:54;../fake-data/blob/hipster.png;image/png;../fake-data/blob/hipster.png;image/png;../fake-data/blob/hipster.png;image/png;../fake-data/blob/hipster.txt
30;"Bveqd";54;17;38;61;81;true;2011-11-10;2011-11-10T19:03:11;2011-11-10T06:21:06;../fake-data/blob/hipster.png;image/png;../fake-data/blob/hipster.png;image/png;../fake-data/blob/hipster.png;image/png;../fake-data/blob/hipster.txt
31;"Ohd";20;48;18;30;58;true;2011-11-10;2011-11-10T02:54:17;2011-11-10T05:21:31;../fake-data/blob/hipster.png;image/png;../fake-data/blob/hipster.png;image/png;../fake-data/blob/hipster.png;image/png;../fake-data/blob/hipster.txt
32;"Qhid";98;61;60;69;82;false;2011-11-10;2011-11-10T04:10:29;2011-11-10T11:53:32;../fake-data/blob/hipster.png;image/png;../fake-data/blob/hipster.png;image/png;../fake-data/blob/hipster.png;image/png;../fake-data/blob/hipster.txt
33;"Xkliwqd";92;42;16;88;94;false;2011-11-10;2011-11-10T19:20:17;2011-11-10T16:14:06;../fake-data/blob/hipster.png;image/png;../fake-data/blob/hipster.png;image/png;../fake-data/blob/hipster.png;image/png;../fake-data/blob/hipster.txt
34;"Ifvgaxmd";80;97;100;95;57;false;2011-11-10;2011-11-10T18:08:27;2011-11-10T08:43:20;../fake-data/blob/hipster.png;image/png;../fake-data/blob/hipster.png;image/png;../fake-data/blob/hipster.png;image/png;../fake-data/blob/hipster.txt
35;"Lwqlzhd";99;17;45;78;70;true;2011-11-10;2011-11-10T15:11:59;2011-11-10T05:26:27;../fake-data/blob/hipster.png;image/png;../fake-data/blob/hipster.png;image/png;../fake-data/blob/hipster.png;image/png;../fake-data/blob/hipster.txt
36;"Erikigkd";44;48;51;34;22;true;2011-11-10;2011-11-10T07:51:09;2011-11-10T13:54:29;../fake-data/blob/hipster.png;image/png;../fake-data/blob/hipster.png;image/png;../fake-data/blob/hipster.png;image/png;../fake-data/blob/hipster.txt
37;"Vmkvmd";22;93;73;32;60;true;2011-11-10;2011-11-10T10:18:49;2011-11-10T07:42:34;../fake-data/blob/hipster.png;image/png;../fake-data/blob/hipster.png;image/png;../fake-data/blob/hipster.png;image/png;../fake-data/blob/hipster.txt
38;"Zqpd";45;32;42;71;86;false;2011-11-10;2011-11-10T05:11:52;2011-11-10T16:13:39;../fake-data/blob/hipster.png;image/png;../fake-data/blob/hipster.png;image/png;../fake-data/blob/hipster.png;image/png;../fake-data/blob/hipster.txt
39;"Gjargd";62;50;13;53;38;true;2011-11-10;2011-11-10T12:42:07;2011-11-10T08:30:07;../fake-data/blob/hipster.png;image/png;../fake-data/blob/hipster.png;image/png;../fake-data/blob/hipster.png;image/png;../fake-data/blob/hipster.txt
40;"Eod";65;74;40;26;18;false;2011-11-10;2011-11-10T12:46:04;2011-11-10T23:37:11;../fake-data/blob/hipster.png;image/png;../fake-data/blob/hipster.png;image/png;../fake-data/blob/hipster.png;image/png;../fake-data/blob/hipster.txt
41;"Mejed";54;58;63;88;78;true;2011-11-10;2011-11-10T17:18:29;2011-11-10T09:48:47;../fake-data/blob/hipster.png;image/png;../fake-data/blob/hipster.png;image/png;../fake-data/blob/hipster.png;image/png;../fake-data/blob/hipster.txt
42;"Uopkatd";56;81;97;89;81;true;2011-11-10;2011-11-10T14:52:24;2011-11-10T06:20:41;../fake-data/blob/hipster.png;image/png;../fake-data/blob/hipster.png;image/png;../fake-data/blob/hipster.png;image/png;../fake-data/blob/hipster.txt
43;"Iuhcid";79;39;77;96;29;true;2011-11-10;2011-11-10T14:46:04;2011-11-10T02:49:27;../fake-data/blob/hipster.png;image/png;../fake-data/blob/hipster.png;image/png;../fake-data/blob/hipster.png;image/png;../fake-data/blob/hipster.txt
44;"Pgyd";39;37;55;75;16;false;2011-11-10;2011-11-10T23:08:49;2011-11-10T15:26:49;../fake-data/blob/hipster.png;image/png;../fake-data/blob/hipster.png;image/png;../fake-data/blob/hipster.png;image/png;../fake-data/blob/hipster.txt
45;"Thgxeald";60;66;55;99;39;true;2011-11-10;2011-11-10T09:15:54;2011-11-10T06:02:48;../fake-data/blob/hipster.png;image/png;../fake-data/blob/hipster.png;image/png;../fake-data/blob/hipster.png;image/png;../fake-data/blob/hipster.txt
46;"Bqd";58;30;11;49;50;false;2011-11-10;2011-11-10T09:25:32;2011-11-10T04:53:33;../fake-data/blob/hipster.png;image/png;../fake-data/blob/hipster.png;image/png;../fake-data/blob/hipster.png;image/png;../fake-data/blob/hipster.txt
47;"Aqd";19;40;13;29;60;false;2011-11-10;2011-11-10T00:52:52;2011-11-10T01:48:18;../fake-data/blob/hipster.png;image/png;../fake-data/blob/hipster.png;image/png;../fake-data/blob/hipster.png;image/png;../fake-data/blob/hipster.txt
48;"Hhnd";11;90;99;89;70;false;2011-11-10;2011-11-10T01:17:15;2011-11-10T19:55:48;../fake-data/blob/hipster.png;image/png;../fake-data/blob/hipster.png;image/png;../fake-data/blob/hipster.png;image/png;../fake-data/blob/hipster.txt
49;"Ikubd";28;32;10;83;49;false;2011-11-10;2011-11-10T12:36:26;2011-11-10T22:05:52;../fake-data/blob/hipster.png;image/png;../fake-data/blob/hipster.png;image/png;../fake-data/blob/hipster.png;image/png;../fake-data/blob/hipster.txt
50;"Yqcuzd";11;67;78;17;62;false;2011-11-10;2011-11-10T19:54:27;2011-11-10T13:56:28;../fake-data/blob/hipster.png;image/png;../fake-data/blob/hipster.png;image/png;../fake-data/blob/hipster.png;image/png;../fake-data/blob/hipster.txt
51;"Iyxd";58;48;97;37;25;true;2011-11-10;2011-11-10T14:48:46;2011-11-10T08:21:10;../fake-data/blob/hipster.png;image/png;../fake-data/blob/hipster.png;image/png;../fake-data/blob/hipster.png;image/png;../fake-data/blob/hipster.txt
52;"Okzrvpd";19;54;58;38;24;false;2011-11-10;2011-11-10T15:49:33;2011-11-10T16:05:10;../fake-data/blob/hipster.png;image/png;../fake-data/blob/hipster.png;image/png;../fake-data/blob/hipster.png;image/png;../fake-data/blob/hipster.txt
53;"Zbnsjgd";97;46;97;74;93;true;2011-11-10;2011-11-10T01:12:15;2011-11-10T12:17:52;../fake-data/blob/hipster.png;image/png;../fake-data/blob/hipster.png;image/png;../fake-data/blob/hipster.png;image/png;../fake-data/blob/hipster.txt
54;"Obnutd";72;43;68;52;39;false;2011-11-10;2011-11-10T18:50:48;2011-11-10T09:31:09;../fake-data/blob/hipster.png;image/png;../fake-data/blob/hipster.png;image/png;../fake-data/blob/hipster.png;image/png;../fake-data/blob/hipster.txt
55;"Fltuuwjd";58;91;49;31;82;true;2011-11-10;2011-11-10T12:06:57;2011-11-10T00:25:45;../fake-data/blob/hipster.png;image/png;../fake-data/blob/hipster.png;image/png;../fake-data/blob/hipster.png;image/png;../fake-data/blob/hipster.txt
