id;person_name;age
1;北京市;27
2;Garden Togo;84
3;synergy transform;140
4;Fantastic;68
5;empower Intelligent Forint;138
6;bypass Plastic Handcrafted;185
7;Planner Shoes;131
8;panel;9
9;invoice;105
10;Towels Sausages;98
11;grey services Account;177
12;Paradigm Security Avon;106
13;Burundi;44
14;green primary Communications;108
15;Secured;70
16;Applications Strategist;7
17;world-class leverage;196
18;bypass Corporate;10
19;Credit;19
20;Credit Gorgeous synergies;40
21;synthesizing fuchsia Avon;170
22;Tasty;147
23;广东省;47
24;Concrete;43
25;Games;45
26;Tactics Bahamas;188
27;encompassing;137
28;hacking;10
29;Planner;103
30;ADP;91
31;harness National Pataca;144
32;Associate;99
33;connecting Wooden;77
34;networks Data;84
35;disintermediate;166
36;Health orange;182
37;Kuwaiti Intelligent application;98
38;users;13
39;Cotton;190
40;Computers 山西省 栋;158
41;Fish invoice open;199
42;Borders Avon;28
43;Toys connect navigating;86
44;Clothing;168
45;Dong Response;13
46;reboot asymmetric Clothing;2
47;Computers;147
48;complexity;174
49;Consultant Forward;107
50;贵州省 Liaison Investment;14
51;Cotton;152
52;protocol generating user-centric;60
53;Wooden Steel;105
54;neural 侬;174
55;Soap;195
